{"cameraMode":{"drawMode":0,"name":"Shaded","section":"Shading Mode"},"sceneLighting":true,"audioPlay":false,"sceneViewState":{"m_AlwaysRefresh":false,"showFog":true,"showSkybox":true,"showFlares":true,"showImageEffects":true,"showParticleSystems":true,"showVisualEffectGraphs":true,"m_FxEnabled":true},"in2DMode":false,"pivot":{"x":-6.3297200202941898,"y":5.5208611488342289,"z":1.5695464611053467},"rotation":{"x":-0.08397138118743897,"y":-0.7121163010597229,"z":0.08645959943532944,"w":-0.6917548179626465},"size":1.5883830785751343,"orthographic":false}